Subject,Course
AANB,530
AANB,530
AANB,530
AANB,530
AANB,530
AANB,530
AANB,530
AANB,549
AANB,549
AANB,549
AANB,549
AANB,549
AANB,549
AANB,649
AANB,649
AANB,649
APBI,200
APBI,314
APBI,314
APBI,365
APBI,428
APBI,443
APBI,496
APBI,496
APBI,496
APBI,496
APBI,496
APBI,496
APBI,497
APBI,497
APBI,497
APBI,497
APBI,497
APBI,497
APBI,497
APBI,497
APBI,497
APBI,497
APBI,498
APBI,499
FNH,161
FNH,161
FNH,200
FNH,200
FNH,200
FNH,200
FNH,200
FNH,200
FNH,250
FNH,250
FNH,250
FNH,250
FNH,330
FNH,330
FNH,330
FNH,330
FNH,330
FNH,330
FNH,330
FNH,330
FNH,355
FNH,355
FNH,381
FNH,381
FNH,481
FNH,481
FNH,481
FNH,482
FNH,483
FNH,483
FNH,483
FNH,483
FNH,497
FNH,497
FNH,497
FNH,497
FNH,497
FNH,499
FOOD,530
FOOD,530
FOOD,530
FOOD,530
FOOD,531
FOOD,549
FOOD,549
FOOD,549
FOOD,649
FOOD,649
FOOD,649
FRE,547
GRS,397
GRS,497
GRS,497
HUNU,547
HUNU,547
HUNU,547
HUNU,547
HUNU,547
HUNU,547
HUNU,549
HUNU,549
HUNU,549
HUNU,579
HUNU,582
HUNU,649
HUNU,649
HUNU,649
LFS,150
LFS,150
LFS,302
LFS,302
LFS,302
LFS,303
LFS,398
LFS,399
LFS,490
LFS,496
LFS,496
LFS,498
LFS,499
LFS,500
LFS,501
LFS,530
LFS,530
LFS,549
LFS,549
LFS,549
LFS,649
LFS,649
LFS,649
LWS,548
PLNT,530
PLNT,530
PLNT,530
PLNT,530
PLNT,549
PLNT,549
PLNT,549
PLNT,590
PLNT,590
PLNT,590
PLNT,590
PLNT,590
PLNT,590
PLNT,649
PLNT,649
PLNT,649
SOIL,530
SOIL,530
SOIL,530
SOIL,530
SOIL,530
SOIL,530
SOIL,530
SOIL,530
SOIL,530
SOIL,549
SOIL,549
SOIL,549
SOIL,649
SOIL,649
SOIL,649
